[
    {
        "nresocial": 1,
        "name"     : "S-1100"
    },
    {
        "nresocial": 2,
        "name"     : "S-1200"
    },
    {
        "nresocial": 3,
        "name"     : "S-1100"
    },
    {
        "nresocial": 4,
        "name"     : "S-1000"
    },
    {
        "nresocial": 5,
        "name"     : "S-1030"
    },
    {
        "nresocial": 6,
        "name"     : "S-1360"
    },
    {
        "nresocial": 7,
        "name"     : "S-2800"
    },
    {
        "nresocial": 8,
        "name"     : "S-1101"
    },
    {
        "nresocial": 9,
        "name"     : "S-1201"
    },
    {
        "nresocial": 10,
        "name"     : "S-1101"
    },
    {
        "nresocial": 11,
        "name"     : "S-1001"
    },
    {
        "nresocial": 12,
        "name"     : "S-1031"
    },
    {
        "nresocial": 13,
        "name"     : "S-1361"
    },
    {
        "nresocial": 14,
        "name"     : "S-2801"
    }
]